Lemma,Nombre d'apparitions,Frequence d'apparition
vals,2,0.06452
de,2,0.06452
hemel,1,0.03226
ons,1,0.03226
aarde,1,0.03226
mijn,1,0.03226
hoe,1,0.03226
nu,1,0.03226
aard,1,0.03226
tijd,1,0.03226
ook,1,0.03226
winnen,1,0.03226
te,1,0.03226
haar,1,0.03226
zin,1,0.03226
minnen,1,0.03226
hij,1,0.03226
in,1,0.03226
zij,1,0.03226
eiken,1,0.03226
het,1,0.03226
zijn,1,0.03226
aarder,1,0.03226
meest,1,0.03226
hebben,1,0.03226
schijn,1,0.03226
een,1,0.03226
wat,1,0.03226
vrijen,1,0.03226
