Lemma,Nombre d'apparitions,Frequence d'apparition
gij,3,0.10345
op,2,0.06897
ne,2,0.06897
zelf,1,0.03448
gerushaid,1,0.03448
met,1,0.03448
slapen,1,0.03448
o,1,0.03448
zijn,1,0.03448
hart,1,0.03448
uw,1,0.03448
hoofd,1,0.03448
zetten,1,0.03448
kok,1,0.03448
kerking,1,0.03448
lid,1,0.03448
waken,1,0.03448
nog,1,0.03448
die,1,0.03448
hier,1,0.03448
elf,1,0.03448
van,1,0.03448
klok,1,0.03448
de,1,0.03448
in,1,0.03448
