Lemma,Nombre d'apparitions,Frequence d'apparition
hoe,3,0.09091
lang,3,0.09091
noch,2,0.06061
niet,2,0.06061
ontsteken,1,0.0303
hemels,1,0.0303
dijn,1,0.0303
uit,1,0.0303
van,1,0.0303
nederzitsen,1,0.0303
ook,1,0.0303
wreken,1,0.0303
bloed,1,0.0303
wij,1,0.0303
toch,1,0.0303
ons,1,0.0303
heilig,1,0.0303
wraak,1,0.0303
met,1,0.0303
gij,1,0.0303
zullen,1,0.0303
ado,1,0.0303
waar,1,0.0303
groot,1,0.0303
o,1,0.0303
eer,1,0.0303
slot,1,0.0303
