Lemma,Nombre d'apparitions,Frequence d'apparition
van,2,0.08696
wonen,2,0.08696
ei,2,0.08696
haar,1,0.04348
op,1,0.04348
elia,1,0.04348
johannes,1,0.04348
gebrek,1,0.04348
altaan,1,0.04348
elf,1,0.04348
eer,1,0.04348
laatst,1,0.04348
een,1,0.04348
vragen,1,0.04348
na,1,0.04348
iemand,1,0.04348
er+heffen,1,0.04348
haag,1,0.04348
twee,1,0.04348
zelf,1,0.04348
