Lemma,Nombre d'apparitions,Frequence d'apparition
uw,3,0.11111
een,2,0.07407
ne,2,0.07407
lauris,1,0.03704
rede,1,0.03704
lof,1,0.03704
veld,1,0.03704
klaarverkijs,1,0.03704
het,1,0.03704
eer,1,0.03704
wel,1,0.03704
wij,1,0.03704
hebben,1,0.03704
eest,1,0.03704
zede,1,0.03704
goed,1,0.03704
trouw,1,0.03704
ik,1,0.03704
ieder,1,0.03704
bij,1,0.03704
beroemen,1,0.03704
deugdzaam,1,0.03704
gemeld,1,0.03704
