Lemma,Nombre d'apparitions,Frequence d'apparition
zijn,2,0.07407
g,1,0.03704
vrolijk,1,0.03704
zijn+het,1,0.03704
dan,1,0.03704
eer,1,0.03704
lusten,1,0.03704
eigen,1,0.03704
volkomen,1,0.03704
haar,1,0.03704
a,1,0.03704
gerust,1,0.03704
ne,1,0.03704
leven,1,0.03704
oud,1,0.03704
zij,1,0.03704
hand,1,0.03704
uitlezen,1,0.03704
al,1,0.03704
hangen,1,0.03704
eed,1,0.03704
braven,1,0.03704
de,1,0.03704
hebben,1,0.03704
vrijheid,1,0.03704
prijzen,1,0.03704
