Lemma,Nombre d'apparitions,Frequence d'apparition
de,5,0.10204
te,4,0.08163
met,4,0.08163
zijn,4,0.08163
om,4,0.08163
en,3,0.06122
ik,3,0.06122
die,2,0.04082
door,2,0.04082
dammel,1,0.02041
dewijl,1,0.02041
gunt,1,0.02041
eer,1,0.02041
leodaan,1,0.02041
eer+het,1,0.02041
lazen,1,0.02041
eten,1,0.02041
aan,1,0.02041
een,1,0.02041
deelwij,1,0.02041
de+te,1,0.02041
mijn,1,0.02041
heen,1,0.02041
hee,1,0.02041
kok,1,0.02041
te+de,1,0.02041
el,1,0.02041
