Lemma,Nombre d'apparitions,Frequence d'apparition
gij,9,0.25714
mijn,3,0.08571
uw,3,0.08571
dat,2,0.05714
de,2,0.05714
ook,2,0.05714
dan,2,0.05714
van,2,0.05714
hij,1,0.02857
dijn,1,0.02857
maar,1,0.02857
een,1,0.02857
voor,1,0.02857
en,1,0.02857
in,1,0.02857
wij,1,0.02857
geruigelijk,1,0.02857
ik,1,0.02857
