Lemma,Nombre d'apparitions,Frequence d'apparition
een,4,0.11765
ik,3,0.08824
mijn,3,0.08824
!,2,0.05882
in,2,0.05882
en,2,0.05882
op,2,0.05882
dat,1,0.02941
ie,1,0.02941
ne,1,0.02941
bemenelijk,1,0.02941
wederminnen,1,0.02941
altijd,1,0.02941
gij,1,0.02941
er,1,0.02941
nooit,1,0.02941
hier,1,0.02941
eten,1,0.02941
van,1,0.02941
met,1,0.02941
zijn,1,0.02941
hij,1,0.02941
de,1,0.02941
