Lemma,Nombre d'apparitions,Frequence d'apparition
ik,2,0.09524
als,2,0.09524
in,2,0.09524
die,1,0.04762
hij,1,0.04762
ne,1,0.04762
minnaar,1,0.04762
uw,1,0.04762
op,1,0.04762
mijn,1,0.04762
ochte,1,0.04762
in+zijn,1,0.04762
gij,1,0.04762
bij,1,0.04762
de,1,0.04762
kok,1,0.04762
luimerdier,1,0.04762
een,1,0.04762
