Lemma,Nombre d'apparitions,Frequence d'apparition
van,7,0.11667
haar,5,0.08333
ne,4,0.06667
de,3,0.05
eten,3,0.05
ik,3,0.05
hij,3,0.05
mijn,3,0.05
zijn,3,0.05
met,3,0.05
het,2,0.03333
in,2,0.03333
tot,1,0.01667
zulk,1,0.01667
voor,1,0.01667
nu,1,0.01667
een,1,0.01667
zij,1,0.01667
aan,1,0.01667
niet,1,0.01667
min,1,0.01667
je,1,0.01667
smart,1,0.01667
gij,1,0.01667
hier,1,0.01667
vol,1,0.01667
op,1,0.01667
bij,1,0.01667
eerwijl,1,0.01667
johannes,1,0.01667
eer,1,0.01667
