Lemma,Nombre d'apparitions,Frequence d'apparition
een,4,0.07692
van,3,0.05769
ne,3,0.05769
mijn,3,0.05769
uw,3,0.05769
te,3,0.05769
met,3,0.05769
en,2,0.03846
geen,2,0.03846
de,2,0.03846
hebben,2,0.03846
het,2,0.03846
meer,2,0.03846
haar,1,0.01923
lachen,1,0.01923
laat,1,0.01923
hij,1,0.01923
ook,1,0.01923
houden,1,0.01923
kie,1,0.01923
la,1,0.01923
veel,1,0.01923
alleen,1,0.01923
hood,1,0.01923
eind,1,0.01923
eten,1,0.01923
lang,1,0.01923
zijn,1,0.01923
eens,1,0.01923
.,1,0.01923
ik,1,0.01923
