Lemma,Nombre d'apparitions,Frequence d'apparition
de,6,0.11111
zich,4,0.07407
noch,3,0.05556
ne,3,0.05556
voor,3,0.05556
een,2,0.03704
daar,2,0.03704
hij,2,0.03704
het,2,0.03704
van,2,0.03704
in,2,0.03704
dat,2,0.03704
haar,2,0.03704
op,2,0.03704
geen,2,0.03704
zij,1,0.01852
zulk,1,0.01852
die,1,0.01852
ja,1,0.01852
gij,1,0.01852
door,1,0.01852
hangen,1,0.01852
ook,1,0.01852
et,1,0.01852
zijn,1,0.01852
met,1,0.01852
als,1,0.01852
mijn,1,0.01852
mede,1,0.01852
zelf,1,0.01852
