Lemma,Nombre d'apparitions,Frequence d'apparition
wij,9,0.16981
uw,6,0.11321
ne,4,0.07547
in,3,0.0566
de,3,0.0566
gij,2,0.03774
een,2,0.03774
als,2,0.03774
eer,2,0.03774
dat,2,0.03774
op,2,0.03774
ee,2,0.03774
hebben,1,0.01887
hij,1,0.01887
zelf,1,0.01887
ons,1,0.01887
met,1,0.01887
elk,1,0.01887
van,1,0.01887
eten,1,0.01887
aan,1,0.01887
over,1,0.01887
voor,1,0.01887
ik,1,0.01887
ie,1,0.01887
ook,1,0.01887
