Lemma,Nombre d'apparitions,Frequence d'apparition
gij,3,0.17647
op,2,0.11765
ne,2,0.11765
kok,1,0.05882
de,1,0.05882
van,1,0.05882
elf,1,0.05882
hier,1,0.05882
die,1,0.05882
nog,1,0.05882
hoofd,1,0.05882
uw,1,0.05882
met,1,0.05882
