Lemma,Nombre d'apparitions,Frequence d'apparition
de,6,0.13333
wij,3,0.06667
en,3,0.06667
met,2,0.04444
ieder,2,0.04444
ne,2,0.04444
op,2,0.04444
een,2,0.04444
haar,2,0.04444
ons,2,0.04444
in,2,0.04444
et,2,0.04444
zich,2,0.04444
vol,1,0.02222
hoon,1,0.02222
aldaar,1,0.02222
meest,1,0.02222
zij,1,0.02222
als,1,0.02222
allaar,1,0.02222
ook,1,0.02222
erop,1,0.02222
na,1,0.02222
ooi,1,0.02222
ander,1,0.02222
door,1,0.02222
