Lemma,Nombre d'apparitions,Frequence d'apparition
de,4,0.23529
niet,2,0.11765
voor,2,0.11765
van,2,0.11765
el,1,0.05882
et,1,0.05882
haar,1,0.05882
zelf,1,0.05882
oost,1,0.05882
men,1,0.05882
als,1,0.05882
