Lemma,Nombre d'apparitions,Frequence d'apparition
de,7,0.12069
eten,5,0.08621
hoofd,5,0.08621
hij,4,0.06897
zijn,4,0.06897
in,3,0.05172
ne,3,0.05172
voor,2,0.03448
een,2,0.03448
het,2,0.03448
vol,2,0.03448
hand,1,0.01724
horen,1,0.01724
einen,1,0.01724
hoeden,1,0.01724
dul,1,0.01724
de+van,1,0.01724
bij,1,0.01724
haar,1,0.01724
tot,1,0.01724
dit,1,0.01724
zonder,1,0.01724
n,1,0.01724
hard,1,0.01724
holk,1,0.01724
o,1,0.01724
et,1,0.01724
iet,1,0.01724
hoog,1,0.01724
ook,1,0.01724
