Lemma,Nombre d'apparitions,Frequence d'apparition
in,4,0.11111
de,4,0.11111
hij,3,0.08333
gij,2,0.05556
uw,2,0.05556
en,2,0.05556
hoe,2,0.05556
met,1,0.02778
van,1,0.02778
ne,1,0.02778
zij,1,0.02778
wij,1,0.02778
een,1,0.02778
opener,1,0.02778
het,1,0.02778
eeuwig,1,0.02778
hebben,1,0.02778
zonder,1,0.02778
die,1,0.02778
al,1,0.02778
langs,1,0.02778
ge,1,0.02778
aan,1,0.02778
eten,1,0.02778
