Lemma,Nombre d'apparitions,Frequence d'apparition
het,5,0.09434
uw,4,0.07547
uit,4,0.07547
twee,3,0.0566
gij,3,0.0566
van,3,0.0566
haten,2,0.03774
wij,2,0.03774
de,2,0.03774
in,2,0.03774
of,2,0.03774
een,2,0.03774
hebben,2,0.03774
jane,2,0.03774
als,2,0.03774
zij,1,0.01887
toon,1,0.01887
met,1,0.01887
dat,1,0.01887
ieder,1,0.01887
dan,1,0.01887
ee,1,0.01887
waar,1,0.01887
bij,1,0.01887
ne,1,0.01887
aan,1,0.01887
eer,1,0.01887
doordringen,1,0.01887
