Lemma,Nombre d'apparitions,Frequence d'apparition
et,3,0.17647
van,2,0.11765
hij,1,0.05882
eind+het,1,0.05882
ge,1,0.05882
op,1,0.05882
haar,1,0.05882
ja,1,0.05882
uw,1,0.05882
gij,1,0.05882
wij,1,0.05882
een,1,0.05882
n,1,0.05882
en,1,0.05882
