Lemma,Nombre d'apparitions,Frequence d'apparition
ik,9,0.17308
mijn,4,0.07692
de,4,0.07692
bij,3,0.05769
twee,3,0.05769
als,3,0.05769
geen,2,0.03846
in,2,0.03846
een,2,0.03846
eer,2,0.03846
door,1,0.01923
hij,1,0.01923
aan,1,0.01923
ook,1,0.01923
haar,1,0.01923
meer,1,0.01923
eten,1,0.01923
zijn,1,0.01923
noch,1,0.01923
horen,1,0.01923
rinnendelijk,1,0.01923
riendelijk,1,0.01923
wat,1,0.01923
haten,1,0.01923
koken,1,0.01923
dan,1,0.01923
gij,1,0.01923
voor,1,0.01923
