Lemma,Nombre d'apparitions,Frequence d'apparition
de,5,0.1087
wij,3,0.06522
ons,3,0.06522
door,3,0.06522
te+de,2,0.04348
te,2,0.04348
ja,2,0.04348
in,2,0.04348
eten,2,0.04348
een,2,0.04348
hoofd,2,0.04348
:,1,0.02174
van,1,0.02174
dat,1,0.02174
hood,1,0.02174
uw,1,0.02174
aan,1,0.02174
al,1,0.02174
ontsteken,1,0.02174
waar,1,0.02174
.,1,0.02174
zoon,1,0.02174
noch,1,0.02174
lemma_unclear,1,0.02174
zij,1,0.02174
lang,1,0.02174
veilig,1,0.02174
eer,1,0.02174
et,1,0.02174
