Lemma,Nombre d'apparitions,Frequence d'apparition
uw,4,0.21053
mijn,3,0.15789
voor,2,0.10526
een,1,0.05263
na,1,0.05263
ik,1,0.05263
ie,1,0.05263
gij,1,0.05263
kok,1,0.05263
die,1,0.05263
niet,1,0.05263
eel,1,0.05263
ooit,1,0.05263
