Lemma,Nombre d'apparitions,Frequence d'apparition
de,7,0.18421
op,5,0.13158
een,3,0.07895
het,3,0.07895
haar,2,0.05263
ja,2,0.05263
tijdel,1,0.02632
dat,1,0.02632
heerwijk,1,0.02632
als,1,0.02632
hoeden,1,0.02632
uw,1,0.02632
in,1,0.02632
te,1,0.02632
hertijd,1,0.02632
niet,1,0.02632
hoon,1,0.02632
om,1,0.02632
van,1,0.02632
alleenlijk,1,0.02632
el,1,0.02632
en,1,0.02632
