Lemma,Nombre d'apparitions,Frequence d'apparition
zijn,7,0.12069
hij,6,0.10345
een,5,0.08621
het,4,0.06897
in,3,0.05172
zij,3,0.05172
de,2,0.03448
niet,2,0.03448
en,2,0.03448
als,2,0.03448
van,2,0.03448
hoofd,2,0.03448
eer,2,0.03448
dat,2,0.03448
te,1,0.01724
ne,1,0.01724
eerlang,1,0.01724
al,1,0.01724
alzo,1,0.01724
met,1,0.01724
haar,1,0.01724
aan,1,0.01724
hoen,1,0.01724
eten,1,0.01724
aldaar,1,0.01724
eerst,1,0.01724
op,1,0.01724
et,1,0.01724
