Lemma,Nombre d'apparitions,Frequence d'apparition
een,9,0.12
ik,7,0.09333
hoe,7,0.09333
de,5,0.06667
gij,5,0.06667
mijn,5,0.06667
eten,4,0.05333
ja,4,0.05333
ne,4,0.05333
uw,3,0.04
et,2,0.02667
al,2,0.02667
hoofd,1,0.01333
gift,1,0.01333
hangen,1,0.01333
en,1,0.01333
wie,1,0.01333
horen,1,0.01333
schuwen,1,0.01333
niet,1,0.01333
ei,1,0.01333
van,1,0.01333
dat,1,0.01333
god,1,0.01333
ooi,1,0.01333
o,1,0.01333
haten,1,0.01333
johannes,1,0.01333
deze,1,0.01333
hoor,1,0.01333
