Lemma,Nombre d'apparitions,Frequence d'apparition
wij,4,0.11429
ne,3,0.08571
gij,3,0.08571
hoeden,2,0.05714
uw,2,0.05714
ne+zij,2,0.05714
deze,2,0.05714
dit,2,0.05714
met,1,0.02857
nimmer,1,0.02857
wijn,1,0.02857
bij,1,0.02857
aa,1,0.02857
hoe,1,0.02857
ik,1,0.02857
roelijk,1,0.02857
aan,1,0.02857
wel,1,0.02857
van,1,0.02857
zijn,1,0.02857
het,1,0.02857
hand,1,0.02857
ijl,1,0.02857
