Lemma,Nombre d'apparitions,Frequence d'apparition
de,3,0.1
een,3,0.1
zijn,2,0.06667
dan,2,0.06667
het,2,0.06667
dat+men,1,0.03333
wat,1,0.03333
noch,1,0.03333
kok,1,0.03333
er+zijn,1,0.03333
gelijk,1,0.03333
dat,1,0.03333
of,1,0.03333
men+zullen,1,0.03333
als,1,0.03333
daadelijk,1,0.03333
dat+ne,1,0.03333
hand,1,0.03333
haar,1,0.03333
haten,1,0.03333
die,1,0.03333
hebben,1,0.03333
in,1,0.03333
