Lemma,Nombre d'apparitions,Frequence d'apparition
mijn,11,0.18644
ik,5,0.08475
ne,4,0.0678
de,4,0.0678
zij,3,0.05085
zijn,2,0.0339
haar,2,0.0339
nimmer,2,0.0339
hangen,2,0.0339
te,2,0.0339
in,2,0.0339
hij,2,0.0339
hoon,1,0.01695
togen,1,0.01695
het,1,0.01695
hoeden,1,0.01695
heden,1,0.01695
zulk,1,0.01695
met,1,0.01695
eind,1,0.01695
uw,1,0.01695
om,1,0.01695
een,1,0.01695
eten,1,0.01695
gelijk,1,0.01695
heilig,1,0.01695
op,1,0.01695
lemma_unclear,1,0.01695
zoet,1,0.01695
hand,1,0.01695
