Lemma,Nombre d'apparitions,Frequence d'apparition
ik,4,0.11111
voor,3,0.08333
de,2,0.05556
een,2,0.05556
met,2,0.05556
wel,2,0.05556
ie,2,0.05556
gij,2,0.05556
wat,2,0.05556
en,2,0.05556
waar,1,0.02778
noch,1,0.02778
er,1,0.02778
wijn,1,0.02778
dat,1,0.02778
zijn,1,0.02778
daar,1,0.02778
van,1,0.02778
niet,1,0.02778
mijn,1,0.02778
ne,1,0.02778
koken,1,0.02778
veel,1,0.02778
