Lemma,Nombre d'apparitions,Frequence d'apparition
een,5,0.14286
zijn,2,0.05714
eten,2,0.05714
gij,2,0.05714
of,2,0.05714
het,2,0.05714
noch,1,0.02857
dan,1,0.02857
hochten,1,0.02857
weinig,1,0.02857
dus,1,0.02857
te,1,0.02857
smakelijk,1,0.02857
die,1,0.02857
haten,1,0.02857
hebben,1,0.02857
ooit,1,0.02857
conker,1,0.02857
tot,1,0.02857
voor,1,0.02857
van,1,0.02857
hij,1,0.02857
de+te,1,0.02857
ik,1,0.02857
en,1,0.02857
haar,1,0.02857
