Lemma,Nombre d'apparitions,Frequence d'apparition
het,5,0.08475
van,4,0.0678
uw,4,0.0678
zij,4,0.0678
de,4,0.0678
een,3,0.05085
dit,3,0.05085
hier,2,0.0339
wij,2,0.0339
met,2,0.0339
ne,2,0.0339
wat,2,0.0339
dan,2,0.0339
tot,2,0.0339
ik,2,0.0339
naar,1,0.01695
toen,1,0.01695
haat,1,0.01695
gij,1,0.01695
dat+men,1,0.01695
door,1,0.01695
het+men,1,0.01695
als,1,0.01695
hebben,1,0.01695
in,1,0.01695
narderaald,1,0.01695
niet,1,0.01695
hangen,1,0.01695
hood,1,0.01695
op,1,0.01695
uit,1,0.01695
