Lemma,Nombre d'apparitions,Frequence d'apparition
gij,3,0.13636
hij,3,0.13636
haar,1,0.04545
die,1,0.04545
een,1,0.04545
ee,1,0.04545
te+de,1,0.04545
hebben,1,0.04545
van,1,0.04545
heden,1,0.04545
zijn,1,0.04545
nadien,1,0.04545
een+wonden,1,0.04545
met,1,0.04545
hood,1,0.04545
uw,1,0.04545
.,1,0.04545
ne,1,0.04545
