Lemma,Nombre d'apparitions,Frequence d'apparition
wij,8,0.10959
de,8,0.10959
bij,6,0.08219
een,4,0.05479
eten,4,0.05479
het,4,0.05479
of,4,0.05479
nu,3,0.0411
et,3,0.0411
ja,3,0.0411
hangen,2,0.0274
in,2,0.0274
ne,2,0.0274
te,2,0.0274
na,1,0.0137
niet,1,0.0137
el,1,0.0137
van,1,0.0137
nog,1,0.0137
men,1,0.0137
als,1,0.0137
hier,1,0.0137
met,1,0.0137
ee,1,0.0137
horen,1,0.0137
uit,1,0.0137
dan,1,0.0137
daar,1,0.0137
op,1,0.0137
oom,1,0.0137
gaan,1,0.0137
zo,1,0.0137
