Lemma,Nombre d'apparitions,Frequence d'apparition
ik,7,0.15909
een,5,0.11364
mijn,4,0.09091
gij,2,0.04545
nu,2,0.04545
dan,2,0.04545
uw,2,0.04545
voor,2,0.04545
als,1,0.02273
treden,1,0.02273
hier,1,0.02273
van,1,0.02273
tot,1,0.02273
ja,1,0.02273
dat,1,0.02273
hoeden,1,0.02273
hangen,1,0.02273
kok,1,0.02273
wie,1,0.02273
te,1,0.02273
dit,1,0.02273
in,1,0.02273
ne,1,0.02273
heen,1,0.02273
horen,1,0.02273
haar,1,0.02273
