Lemma,Nombre d'apparitions,Frequence d'apparition
mijn,4,0.125
ook,3,0.09375
ik,3,0.09375
haar,2,0.0625
zijn,2,0.0625
zij,2,0.0625
haten,2,0.0625
hoop,1,0.03125
eten,1,0.03125
ne,1,0.03125
al,1,0.03125
koken,1,0.03125
op,1,0.03125
van,1,0.03125
altijd,1,0.03125
ie,1,0.03125
een,1,0.03125
wederom,1,0.03125
uw,1,0.03125
hoofd,1,0.03125
in,1,0.03125
