Lemma,Nombre d'apparitions,Frequence d'apparition
de,13,0.28261
ik,7,0.15217
voor,5,0.1087
een,4,0.08696
al,2,0.04348
ne,2,0.04348
aan,1,0.02174
eer,1,0.02174
awierser,1,0.02174
zijn,1,0.02174
van,1,0.02174
met,1,0.02174
horen,1,0.02174
e,1,0.02174
die,1,0.02174
uit,1,0.02174
op,1,0.02174
hier,1,0.02174
onkoeilie,1,0.02174
