Lemma,Nombre d'apparitions,Frequence d'apparition
ik,4,0.15385
de,3,0.11538
uit,1,0.03846
niet,1,0.03846
op,1,0.03846
vur,1,0.03846
dit,1,0.03846
in,1,0.03846
chus,1,0.03846
dalen,1,0.03846
uw,1,0.03846
dat,1,0.03846
eten,1,0.03846
mijn,1,0.03846
ook,1,0.03846
o,1,0.03846
hangen,1,0.03846
door,1,0.03846
het,1,0.03846
eellijk,1,0.03846
als,1,0.03846
