Lemma,Nombre d'apparitions,Frequence d'apparition
gij,10,0.17544
ik,6,0.10526
van,4,0.07018
uw,3,0.05263
op,3,0.05263
mee,3,0.05263
in,3,0.05263
eten,2,0.03509
mijn,2,0.03509
een,2,0.03509
de,2,0.03509
noch,2,0.03509
te,1,0.01754
haat,1,0.01754
ne,1,0.01754
gij+hij,1,0.01754
horen,1,0.01754
gelden,1,0.01754
koken,1,0.01754
hij,1,0.01754
dat,1,0.01754
het,1,0.01754
ei,1,0.01754
voor,1,0.01754
waar,1,0.01754
hebben,1,0.01754
niet,1,0.01754
