Lemma,Nombre d'apparitions,Frequence d'apparition
uw,8,0.19512
hoe+zij,4,0.09756
nimmer,3,0.07317
eten,2,0.04878
een,2,0.04878
te,1,0.02439
elk,1,0.02439
van,1,0.02439
et,1,0.02439
haten,1,0.02439
tot,1,0.02439
haar,1,0.02439
al,1,0.02439
zij,1,0.02439
eer,1,0.02439
voor,1,0.02439
hoofd,1,0.02439
het,1,0.02439
noch,1,0.02439
met,1,0.02439
ne,1,0.02439
in,1,0.02439
geen,1,0.02439
gij,1,0.02439
hebben,1,0.02439
hoe,1,0.02439
zijn,1,0.02439
