Lemma,Nombre d'apparitions,Frequence d'apparition
uw,3,0.14286
ook,2,0.09524
wij,2,0.09524
en,2,0.09524
.,1,0.04762
:,1,0.04762
op,1,0.04762
hij,1,0.04762
doch,1,0.04762
niet,1,0.04762
met,1,0.04762
hoofd,1,0.04762
gij,1,0.04762
de,1,0.04762
tot,1,0.04762
haten,1,0.04762
