Lemma,Nombre d'apparitions,Frequence d'apparition
gij,8,0.15094
ik,8,0.15094
een,4,0.07547
dat,3,0.0566
hier,3,0.0566
mijn,3,0.0566
voor,2,0.03774
tot,2,0.03774
hebben,2,0.03774
dit,1,0.01887
eer,1,0.01887
hoe,1,0.01887
duizendlaam,1,0.01887
denken,1,0.01887
uw,1,0.01887
wij,1,0.01887
hoeden,1,0.01887
aannemen,1,0.01887
door,1,0.01887
alleen,1,0.01887
te+de,1,0.01887
zo,1,0.01887
al,1,0.01887
het,1,0.01887
die,1,0.01887
de+engel,1,0.01887
ne,1,0.01887
