Lemma,Nombre d'apparitions,Frequence d'apparition
een,7,0.14583
wij,5,0.10417
ons,3,0.0625
gij,3,0.0625
van,3,0.0625
de,3,0.0625
uw,2,0.04167
dat,2,0.04167
in,2,0.04167
tot,2,0.04167
zij,1,0.02083
en,1,0.02083
met,1,0.02083
zo,1,0.02083
hier,1,0.02083
togen,1,0.02083
dit,1,0.02083
ja,1,0.02083
hebben,1,0.02083
ne,1,0.02083
bij,1,0.02083
het,1,0.02083
allermeest,1,0.02083
houden,1,0.02083
ambt,1,0.02083
eeuwig,1,0.02083
