Lemma,Nombre d'apparitions,Frequence d'apparition
ik,5,0.2381
zij,3,0.14286
de,2,0.09524
van,1,0.04762
zin,1,0.04762
nog,1,0.04762
willen,1,0.04762
ne,1,0.04762
tot,1,0.04762
mijn,1,0.04762
hebben,1,0.04762
niet,1,0.04762
dan,1,0.04762
hochten,1,0.04762
