Lemma,Nombre d'apparitions,Frequence d'apparition
gij,3,0.14286
een,3,0.14286
aan,2,0.09524
niet,2,0.09524
te,2,0.09524
uw,2,0.09524
al,1,0.04762
heil,1,0.04762
men,1,0.04762
van,1,0.04762
of,1,0.04762
nog,1,0.04762
dit,1,0.04762
