Lemma,Nombre d'apparitions,Frequence d'apparition
mijn,6,0.15385
te,5,0.12821
gij,5,0.12821
ik,4,0.10256
dan,3,0.07692
om,3,0.07692
uw,2,0.05128
altijd,1,0.02564
dat,1,0.02564
de,1,0.02564
op,1,0.02564
hebben,1,0.02564
bekorlijk,1,0.02564
af,1,0.02564
epen,1,0.02564
eten,1,0.02564
al,1,0.02564
het,1,0.02564
