Lemma,Nombre d'apparitions,Frequence d'apparition
eer,2,0.06897
de,2,0.06897
een,2,0.06897
mijn,2,0.06897
al,2,0.06897
ik,2,0.06897
het,2,0.06897
van,2,0.06897
eten,2,0.06897
zijn,2,0.06897
ne,1,0.03448
haar,1,0.03448
dat,1,0.03448
aan,1,0.03448
zilveren,1,0.03448
als,1,0.03448
gij,1,0.03448
ook,1,0.03448
in,1,0.03448
