Lemma,Nombre d'apparitions,Frequence d'apparition
ik,4,0.11111
ne,4,0.11111
een,2,0.05556
niet,2,0.05556
van,2,0.05556
het,2,0.05556
gij,2,0.05556
om,2,0.05556
toen,1,0.02778
gij+ja,1,0.02778
de,1,0.02778
lang,1,0.02778
in,1,0.02778
zee,1,0.02778
mijn,1,0.02778
o,1,0.02778
ee,1,0.02778
meest,1,0.02778
wie,1,0.02778
ik+ne,1,0.02778
eten,1,0.02778
die,1,0.02778
ja+ne,1,0.02778
uw,1,0.02778
