Lemma,Nombre d'apparitions,Frequence d'apparition
de,4,0.10256
het,3,0.07692
een,3,0.07692
et,2,0.05128
.,2,0.05128
en,2,0.05128
haar,2,0.05128
niet,2,0.05128
hij,2,0.05128
van,2,0.05128
at,1,0.02564
zij,1,0.02564
na,1,0.02564
hij+het+hij,1,0.02564
op,1,0.02564
haten+zij,1,0.02564
horen,1,0.02564
tegen,1,0.02564
ja,1,0.02564
onder,1,0.02564
lemma_unclear,1,0.02564
intaat,1,0.02564
haten,1,0.02564
eten,1,0.02564
ee,1,0.02564
