Lemma,Nombre d'apparitions,Frequence d'apparition
ik,6,0.14286
gij,4,0.09524
de,3,0.07143
met,3,0.07143
en,2,0.04762
al,2,0.04762
een,2,0.04762
mijn,2,0.04762
ne,2,0.04762
ook,2,0.04762
dan,1,0.02381
immer,1,0.02381
voor,1,0.02381
uw,1,0.02381
bij,1,0.02381
dat,1,0.02381
zij,1,0.02381
hij,1,0.02381
hebben,1,0.02381
van,1,0.02381
lang,1,0.02381
aan,1,0.02381
meer,1,0.02381
nooit,1,0.02381
