Lemma,Nombre d'apparitions,Frequence d'apparition
in,3,0.11111
et,2,0.07407
ook,2,0.07407
eten,2,0.07407
het,2,0.07407
als,1,0.03704
ne,1,0.03704
van,1,0.03704
eer,1,0.03704
door,1,0.03704
ne+zij,1,0.03704
johannes,1,0.03704
om,1,0.03704
de,1,0.03704
hebben,1,0.03704
hoop,1,0.03704
zij,1,0.03704
te,1,0.03704
een,1,0.03704
mener,1,0.03704
tot,1,0.03704
