Lemma,Nombre d'apparitions,Frequence d'apparition
de,2,0.09524
haar,2,0.09524
gij,2,0.09524
ie,2,0.09524
zien,2,0.09524
waardig,1,0.04762
om,1,0.04762
te,1,0.04762
gij+het,1,0.04762
die,1,0.04762
zelf,1,0.04762
op,1,0.04762
lieflijk,1,0.04762
eten,1,0.04762
zij,1,0.04762
mijn,1,0.04762
