Lemma,Nombre d'apparitions,Frequence d'apparition
van,2,0.11765
te,2,0.11765
af,1,0.05882
:,1,0.05882
dit,1,0.05882
een,1,0.05882
ik,1,0.05882
hier,1,0.05882
het,1,0.05882
eekorlijk,1,0.05882
als,1,0.05882
met,1,0.05882
gij,1,0.05882
nemen,1,0.05882
mijn,1,0.05882
