Lemma,Nombre d'apparitions,Frequence d'apparition
een,5,0.11628
de,5,0.11628
haar,4,0.09302
eer,2,0.04651
al,2,0.04651
altijd,2,0.04651
eten,2,0.04651
van,2,0.04651
uit,1,0.02326
ei,1,0.02326
gelijk,1,0.02326
eigen,1,0.02326
horen,1,0.02326
et,1,0.02326
de+te,1,0.02326
zelf,1,0.02326
tonen,1,0.02326
eeuwelijk,1,0.02326
dat,1,0.02326
niet,1,0.02326
in,1,0.02326
of,1,0.02326
geen,1,0.02326
zich,1,0.02326
welk,1,0.02326
over,1,0.02326
het,1,0.02326
