Lemma,Nombre d'apparitions,Frequence d'apparition
een,3,0.13043
kok,2,0.08696
uw,2,0.08696
mijn,2,0.08696
ik,2,0.08696
de,2,0.08696
zij,1,0.04348
of,1,0.04348
het,1,0.04348
met,1,0.04348
naar,1,0.04348
voor,1,0.04348
zijn,1,0.04348
door,1,0.04348
gij,1,0.04348
eer,1,0.04348
