Lemma,Nombre d'apparitions,Frequence d'apparition
gij,8,0.17778
hoe,3,0.06667
mijn,2,0.04444
ik,2,0.04444
met,2,0.04444
iet,2,0.04444
zij,2,0.04444
als,1,0.02222
en,1,0.02222
te,1,0.02222
haar,1,0.02222
geen,1,0.02222
de,1,0.02222
ne,1,0.02222
door,1,0.02222
et,1,0.02222
eten,1,0.02222
het,1,0.02222
eer,1,0.02222
jane,1,0.02222
in,1,0.02222
dik,1,0.02222
voor,1,0.02222
ook,1,0.02222
van,1,0.02222
dat,1,0.02222
hebben,1,0.02222
eerietlang,1,0.02222
na,1,0.02222
nu,1,0.02222
toe,1,0.02222
