Lemma,Nombre d'apparitions,Frequence d'apparition
mijn,8,0.14035
ik,7,0.12281
gij,5,0.08772
uw,4,0.07018
door,4,0.07018
een,4,0.07018
de,3,0.05263
het,2,0.03509
heer,1,0.01754
hier,1,0.01754
op,1,0.01754
voor,1,0.01754
met,1,0.01754
ech,1,0.01754
haten,1,0.01754
eten,1,0.01754
ja,1,0.01754
dat,1,0.01754
hij,1,0.01754
van,1,0.01754
ir,1,0.01754
in,1,0.01754
aan,1,0.01754
hoofd,1,0.01754
ne,1,0.01754
hangen,1,0.01754
o,1,0.01754
niet,1,0.01754
