Lemma,Nombre d'apparitions,Frequence d'apparition
niet,9,0.12857
men,8,0.11429
zij,8,0.11429
de,6,0.08571
van,4,0.05714
om,3,0.04286
te,2,0.02857
haar,2,0.02857
ne,2,0.02857
eten,2,0.02857
een,2,0.02857
daar,2,0.02857
het,2,0.02857
gij,2,0.02857
hier,1,0.01429
hoekijn,1,0.01429
vol,1,0.01429
al,1,0.01429
voor,1,0.01429
in,1,0.01429
tot,1,0.01429
elk,1,0.01429
als,1,0.01429
zijn,1,0.01429
of,1,0.01429
ie,1,0.01429
haten,1,0.01429
vrij,1,0.01429
de+te,1,0.01429
hebben,1,0.01429
