Lemma,Nombre d'apparitions,Frequence d'apparition
gij,3,0.16667
die,1,0.05556
door,1,0.05556
hoofd,1,0.05556
hier,1,0.05556
voor,1,0.05556
de,1,0.05556
als,1,0.05556
een,1,0.05556
het+ij,1,0.05556
ne,1,0.05556
dit,1,0.05556
oogt,1,0.05556
tot,1,0.05556
kok,1,0.05556
anders,1,0.05556
