Lemma,Nombre d'apparitions,Frequence d'apparition
de,14,0.18667
ik,12,0.16
.,6,0.08
doch,6,0.08
bij,5,0.06667
in,5,0.06667
van,4,0.05333
ook,3,0.04
gij,3,0.04
zijn,2,0.02667
mijn,2,0.02667
ei,2,0.02667
die,1,0.01333
meest,1,0.01333
hoofd,1,0.01333
200,1,0.01333
aan,1,0.01333
chuk,1,0.01333
op,1,0.01333
god,1,0.01333
en,1,0.01333
at,1,0.01333
el,1,0.01333
