Lemma,Nombre d'apparitions,Frequence d'apparition
wij,6,0.16216
gij,4,0.10811
nu,2,0.05405
eer,2,0.05405
te,2,0.05405
o,1,0.02703
einden,1,0.02703
wel,1,0.02703
als+het,1,0.02703
dat,1,0.02703
op,1,0.02703
ne,1,0.02703
met,1,0.02703
ons,1,0.02703
dijn,1,0.02703
zijn,1,0.02703
en,1,0.02703
hoe,1,0.02703
dit,1,0.02703
hand,1,0.02703
bij,1,0.02703
na,1,0.02703
de,1,0.02703
in,1,0.02703
.,1,0.02703
hij,1,0.02703
