Lemma,Nombre d'apparitions,Frequence d'apparition
de,9,0.13636
wij,6,0.09091
du,6,0.09091
en,4,0.06061
in,4,0.06061
dat,3,0.04545
uw,2,0.0303
die,2,0.0303
door,2,0.0303
ons,2,0.0303
zijn,2,0.0303
zo,2,0.0303
deze,2,0.0303
een,2,0.0303
te,1,0.01515
eer,1,0.01515
in+de,1,0.01515
uit,1,0.01515
nu,1,0.01515
van+de,1,0.01515
zonder,1,0.01515
oog,1,0.01515
niemand,1,0.01515
mijn,1,0.01515
ik,1,0.01515
gij,1,0.01515
men,1,0.01515
van,1,0.01515
ne,1,0.01515
zich,1,0.01515
voor,1,0.01515
dijn,1,0.01515
