Lemma,Nombre d'apparitions,Frequence d'apparition
wij,5,0.13889
dat,4,0.11111
dijn,4,0.11111
en,3,0.08333
ons,2,0.05556
open,2,0.05556
de,1,0.02778
vruchtbaar,1,0.02778
op,1,0.02778
trouwelijk,1,0.02778
vlijtelijk,1,0.02778
i,1,0.02778
hij,1,0.02778
doch,1,0.02778
deze,1,0.02778
te,1,0.02778
te+de,1,0.02778
door,1,0.02778
du,1,0.02778
die,1,0.02778
hood,1,0.02778
altijd,1,0.02778
