Lemma,Nombre d'apparitions,Frequence d'apparition
mijn,6,0.11111
ik,6,0.11111
en,5,0.09259
zijn,4,0.07407
hij,3,0.05556
de,3,0.05556
eer,2,0.03704
dijn,2,0.03704
niet,2,0.03704
g,2,0.03704
du,2,0.03704
tot,2,0.03704
het,1,0.01852
volk,1,0.01852
van,1,0.01852
een,1,0.01852
tand,1,0.01852
hand,1,0.01852
doch,1,0.01852
te,1,0.01852
ja,1,0.01852
hoofd,1,0.01852
ook,1,0.01852
hoeden,1,0.01852
eel,1,0.01852
hoe,1,0.01852
bij,1,0.01852
