Lemma,Nombre d'apparitions,Frequence d'apparition
ik,12,0.16438
hij,7,0.09589
die,6,0.08219
gij,5,0.06849
mijn,5,0.06849
een,3,0.0411
ne,3,0.0411
zo,2,0.0274
in,2,0.0274
als,2,0.0274
n,2,0.0274
tot,2,0.0274
uw,2,0.0274
ook,1,0.0137
ons,1,0.0137
dat,1,0.0137
elk,1,0.0137
en,1,0.0137
niet,1,0.0137
mens,1,0.0137
katijvig,1,0.0137
.,1,0.0137
iermaand,1,0.0137
degenertieren,1,0.0137
even,1,0.0137
zonder,1,0.0137
ie,1,0.0137
te,1,0.0137
de,1,0.0137
inten,1,0.0137
op,1,0.0137
van,1,0.0137
v,1,0.0137
