Lemma,Nombre d'apparitions,Frequence d'apparition
ne,5,0.21739
hij,3,0.13043
de,2,0.08696
heilig,1,0.04348
met,1,0.04348
hood,1,0.04348
ije,1,0.04348
noch,1,0.04348
iet,1,0.04348
dat,1,0.04348
na,1,0.04348
haar,1,0.04348
een,1,0.04348
het,1,0.04348
hier,1,0.04348
geen,1,0.04348
