Lemma,Nombre d'apparitions,Frequence d'apparition
gij,9,0.17308
ik,9,0.17308
mijn,4,0.07692
de,4,0.07692
hij,2,0.03846
hebben,2,0.03846
te,2,0.03846
ne,2,0.03846
het+of,1,0.01923
het,1,0.01923
aan,1,0.01923
eer,1,0.01923
et,1,0.01923
voor,1,0.01923
geen,1,0.01923
doch,1,0.01923
ook,1,0.01923
dat,1,0.01923
van,1,0.01923
niet,1,0.01923
een,1,0.01923
!,1,0.01923
tegen,1,0.01923
en,1,0.01923
haten,1,0.01923
haasten,1,0.01923
