Lemma,Nombre d'apparitions,Frequence d'apparition
een,9,0.16071
zijn,8,0.14286
het,4,0.07143
de,3,0.05357
wel,2,0.03571
op,2,0.03571
als,2,0.03571
et,2,0.03571
bij,2,0.03571
met,2,0.03571
ie,1,0.01786
zich,1,0.01786
tempeest,1,0.01786
ee,1,0.01786
heen,1,0.01786
el,1,0.01786
maar,1,0.01786
nooit,1,0.01786
ne,1,0.01786
hoede,1,0.01786
allemaan,1,0.01786
dat,1,0.01786
hoeden,1,0.01786
eerst,1,0.01786
ons,1,0.01786
eer,1,0.01786
hoofd,1,0.01786
in,1,0.01786
wij,1,0.01786
de+te,1,0.01786
