Lemma,Nombre d'apparitions,Frequence d'apparition
mijn,5,0.13889
van,3,0.08333
de,3,0.08333
in,2,0.05556
zijn,2,0.05556
te,1,0.02778
een,1,0.02778
hood,1,0.02778
hard,1,0.02778
dan,1,0.02778
de+te,1,0.02778
ne,1,0.02778
na,1,0.02778
ederigverig,1,0.02778
mee,1,0.02778
noch,1,0.02778
de+ander,1,0.02778
het,1,0.02778
door,1,0.02778
el,1,0.02778
eer,1,0.02778
gij,1,0.02778
van+de,1,0.02778
hoofd,1,0.02778
en,1,0.02778
uw,1,0.02778
