Lemma,Nombre d'apparitions,Frequence d'apparition
een,6,0.2069
de,3,0.10345
et,3,0.10345
zijn,2,0.06897
aan,1,0.03448
ne,1,0.03448
eer,1,0.03448
geen,1,0.03448
het,1,0.03448
dat,1,0.03448
van,1,0.03448
bij,1,0.03448
met,1,0.03448
tot,1,0.03448
haar,1,0.03448
na,1,0.03448
ja,1,0.03448
aloe,1,0.03448
teugen,1,0.03448
