Lemma,Nombre d'apparitions,Frequence d'apparition
van,5,0.10638
uw,4,0.08511
een,3,0.06383
mijn,3,0.06383
om,3,0.06383
deze,2,0.04255
doorzaak,2,0.04255
hangen,2,0.04255
ik,2,0.04255
wie,2,0.04255
ja,2,0.04255
in,2,0.04255
de,2,0.04255
gij,2,0.04255
henen,1,0.02128
niet,1,0.02128
met,1,0.02128
voor,1,0.02128
dat,1,0.02128
einden,1,0.02128
nog,1,0.02128
die,1,0.02128
ee,1,0.02128
ginds,1,0.02128
het,1,0.02128
