Lemma,Nombre d'apparitions,Frequence d'apparition
gij,6,0.13043
nu,4,0.08696
de,3,0.06522
een,3,0.06522
ne,3,0.06522
te,2,0.04348
hoe,2,0.04348
in,2,0.04348
mijn,2,0.04348
na,1,0.02174
geen,1,0.02174
achten,1,0.02174
en,1,0.02174
uw,1,0.02174
bij,1,0.02174
ik,1,0.02174
zieden,1,0.02174
ook,1,0.02174
want,1,0.02174
over,1,0.02174
daar,1,0.02174
je,1,0.02174
hij,1,0.02174
.,1,0.02174
met,1,0.02174
zijn,1,0.02174
hier,1,0.02174
dat,1,0.02174
